[{"pk": 1, "model": "main.chassis", "fields": {"mileage": "0", "name": "Chasis XDE164", "color": "BLANCA", "brand": "CHEVROLET", "license_plates": "XDL 2342", "state": "N", "model": "2013", "line": "CHEYENNE"}}, {"pk": 2, "model": "main.chassis", "fields": {"mileage": "10 KM", "name": "QQQQQQQQQQQQQQ", "color": "BLANCA", "brand": "CHEVROLET", "license_plates": "XDL 23432", "state": "N", "model": "2012", "line": "CHEYENNE"}}, {"pk": 3, "model": "main.chassis", "fields": {"mileage": "10 KM", "name": "CHEYENNE 2013", "color": "BLANCA", "brand": "CHEVROLET", "license_plates": "XDL 23436", "state": "N", "model": "2013", "line": "CHEYENNE"}}, {"pk": 4, "model": "main.chassis", "fields": {"mileage": "191919", "name": "X", "color": "ROJO/ BLANCO", "brand": "CHEVROLET", "license_plates": "DH27401", "state": "N", "model": "2005", "line": "HEAVY DUTY"}}, {"pk": 1, "model": "main.storage_tank", "fields": {"series": " STD002", "brand": "GASILI", "content": "GAS LP", "state": "N", "capArt": "12,000", "model": "2013", "water_nominal_cap": "23,000"}}, {"pk": 1, "model": "main.carburetion_tank", "fields": {"series": " STD0022", "brand": "TROSS", "capacity": "20,000 LTS", "model": "2012", "state": "N"}}, {"pk": 2, "model": "main.carburetion_tank", "fields": {"series": "RADW24S003", "brand": "GASILI", "capacity": "20,000 LTS", "model": "2012", "state": "N"}}, {"pk": 3, "model": "main.carburetion_tank", "fields": {"series": "RSWW24S001", "brand": "GASILI", "capacity": "20,000 LTS", "model": "2012", "state": "N"}}, {"pk": 4, "model": "main.carburetion_tank", "fields": {"series": "7714", "brand": "TATSA", "capacity": "220 LTS", "model": "2005", "state": "N"}}, {"pk": 1, "model": "main.radio", "fields": {"series": " STD002", "brand": "STEREN2", "model": "XD 9000", "state": "N"}}, {"pk": 2, "model": "main.radio", "fields": {"series": " STD003", "brand": "STEREN 2012", "model": "XD 9002", "state": "N"}}, {"pk": 3, "model": "main.radio", "fields": {"series": "XXX", "brand": "MOTOROLA", "model": "ME300", "state": "N"}}, {"pk": 2, "model": "main.vehicle", "fields": {"name": "352", "storage_tank": null, "carburetion_tank": null, "chassis": 4, "radio": 3, "vehicle_type": "TR", "image": "vehicles/gaseroejecutadoint.jpg"}}, {"pk": 3, "model": "main.vehicle", "fields": {"name": "34342013", "storage_tank": 1, "carburetion_tank": 1, "chassis": 1, "radio": 1, "vehicle_type": "TR", "image": "vehicles/descarga_2.jpg"}}, {"pk": 1, "model": "main.garage", "fields": {"office_phone": "454545", "name": "EL FLACO"}}, {"pk": 2, "model": "main.garage", "fields": {"office_phone": "3434", "name": "FIERRO"}}, {"pk": 3, "model": "main.garage", "fields": {"office_phone": "23", "name": "mnmnm"}}, {"pk": 1, "model": "main.radio_maintenance", "fields": {"date": "2012-09-25T06:00:00Z", "garage": 1, "radio": 2, "description": ""}}, {"pk": 2, "model": "main.radio_maintenance", "fields": {"date": "2012-09-27T06:00:00Z", "garage": 1, "radio": 1, "description": "asdasdasdasdasd"}}, {"pk": 4, "model": "main.chassis_maintenance", "fields": {"date": "2012-01-01T22:17:14Z", "garage": 1, "chassis": 2, "description": "", "mileage": "10 KM"}}, {"pk": 5, "model": "main.chassis_maintenance", "fields": {"date": "2012-09-27T06:00:00Z", "garage": 1, "chassis": 2, "description": "", "mileage": "23,000 km"}}, {"pk": 6, "model": "main.chassis_maintenance", "fields": {"date": "2012-09-26T06:00:00Z", "garage": 1, "chassis": 1, "description": "", "mileage": "23,230 km"}}, {"pk": 7, "model": "main.chassis_maintenance", "fields": {"date": "2012-09-18T06:00:00Z", "garage": 1, "chassis": 2, "description": "", "mileage": "23,000 km"}}, {"pk": 8, "model": "main.chassis_maintenance", "fields": {"date": "2012-01-02T19:23:00Z", "garage": 1, "chassis": 4, "description": "algo que tengo que hacer es...............", "mileage": "191920"}}, {"pk": 9, "model": "main.chassis_maintenance", "fields": {"date": "2012-09-19T06:00:00Z", "garage": 1, "chassis": 1, "description": "", "mileage": "23,000 km"}}, {"pk": 1, "model": "main.storage_tank_maintenance", "fields": {"date": "2012-09-19T06:00:00Z", "garage": 1, "storage_tank": 1, "description": "fghhgf"}}, {"pk": 1, "model": "main.carburetion_tank_maintenance", "fields": {"date": "2012-09-19T06:00:00Z", "garage": 1, "description": "", "carburetion_tank": 2}}, {"pk": 2, "model": "main.carburetion_tank_maintenance", "fields": {"date": "2012-09-13T06:00:00Z", "garage": 1, "description": "", "carburetion_tank": 2}}, {"pk": 3, "model": "main.carburetion_tank_maintenance", "fields": {"date": "2012-09-13T05:34:00Z", "garage": 2, "description": "dsfdsfdsfsdfdsf", "carburetion_tank": 1}}, {"pk": 1, "model": "main.service", "fields": {"name": "Cambio de aceite"}}, {"pk": 2, "model": "main.service", "fields": {"name": "Cambio de filtro de aceite"}}, {"pk": 3, "model": "main.service", "fields": {"name": "Filtro de aire"}}, {"pk": 4, "model": "main.service", "fields": {"name": "Filtro de compresor"}}, {"pk": 5, "model": "main.service", "fields": {"name": "Inspecci\u00f3n de niveles"}}, {"pk": 6, "model": "main.service", "fields": {"name": "Ajuste de balatas"}}, {"pk": 7, "model": "main.service", "fields": {"name": "Inspecci\u00f3n de luces"}}, {"pk": 8, "model": "main.service", "fields": {"name": "Engrasado"}}, {"pk": 9, "model": "main.service", "fields": {"name": "Inspecci\u00f3n de suspensi\u00f3n"}}, {"pk": 10, "model": "main.service", "fields": {"name": "Inspecci\u00f3n de filtro de gas"}}, {"pk": 11, "model": "main.service", "fields": {"name": "Inspecci\u00f3n y ajuste de frenos"}}, {"pk": 12, "model": "main.service", "fields": {"name": "Inspecci\u00f3n de tap\u00f3n de radiador"}}, {"pk": 13, "model": "main.service", "fields": {"name": "Inspecci\u00f3n de muelles, bujes y perchas"}}, {"pk": 14, "model": "main.service", "fields": {"name": "Inspecci\u00f3n de sistema el\u00e9ctrico (marcha, alternador, luces)"}}, {"pk": 15, "model": "main.service", "fields": {"name": "Inspecci\u00f3n de fan clotch"}}, {"pk": 16, "model": "main.service", "fields": {"name": "Inspecci\u00f3n de equipo de gas"}}, {"pk": 17, "model": "main.service", "fields": {"name": "Inspecci\u00f3n de valeros"}}, {"pk": 18, "model": "main.service", "fields": {"name": "Inspecci\u00f3n de llantas"}}, {"pk": 19, "model": "main.service", "fields": {"name": "Inspecci\u00f3n de campana de direcci\u00f3n"}}, {"pk": 20, "model": "main.service", "fields": {"name": "Inspecci\u00f3n de condiciones de seguridad"}}, {"pk": 21, "model": "main.service", "fields": {"name": "Inspecci\u00f3n de bandas"}}, {"pk": 22, "model": "main.service", "fields": {"name": "Inspecci\u00f3n de clotch"}}, {"pk": 23, "model": "main.service", "fields": {"name": "Reparar sistema el\u00e9ctrico en plataforma"}}, {"pk": 1, "model": "main.services_group", "fields": {"name": "Servicio Menor de 5,000 Kms."}}, {"pk": 3, "model": "main.services_group", "fields": {"name": "Servicio Mayor de 10,000 Kms."}}, {"pk": 1, "model": "main.services_group_items", "fields": {"services": 1, "services_group": 1}}, {"pk": 2, "model": "main.services_group_items", "fields": {"services": 2, "services_group": 1}}, {"pk": 4, "model": "main.services_group_items", "fields": {"services": 1, "services_group": 3}}, {"pk": 5, "model": "main.services_group_items", "fields": {"services": 3, "services_group": 1}}, {"pk": 6, "model": "main.services_group_items", "fields": {"services": 4, "services_group": 1}}, {"pk": 7, "model": "main.services_group_items", "fields": {"services": 5, "services_group": 1}}, {"pk": 8, "model": "main.services_group_items", "fields": {"services": 6, "services_group": 1}}, {"pk": 9, "model": "main.services_group_items", "fields": {"services": 7, "services_group": 1}}, {"pk": 10, "model": "main.services_group_items", "fields": {"services": 8, "services_group": 1}}, {"pk": 11, "model": "main.services_group_items", "fields": {"services": 9, "services_group": 1}}, {"pk": 12, "model": "main.services_group_items", "fields": {"services": 2, "services_group": 3}}, {"pk": 13, "model": "main.services_group_items", "fields": {"services": 3, "services_group": 3}}, {"pk": 14, "model": "main.services_group_items", "fields": {"services": 4, "services_group": 3}}, {"pk": 15, "model": "main.services_group_items", "fields": {"services": 5, "services_group": 3}}, {"pk": 16, "model": "main.services_group_items", "fields": {"services": 10, "services_group": 3}}, {"pk": 17, "model": "main.services_group_items", "fields": {"services": 11, "services_group": 3}}, {"pk": 18, "model": "main.services_group_items", "fields": {"services": 21, "services_group": 3}}, {"pk": 19, "model": "main.services_group_items", "fields": {"services": 12, "services_group": 3}}, {"pk": 20, "model": "main.services_group_items", "fields": {"services": 13, "services_group": 3}}, {"pk": 21, "model": "main.services_group_items", "fields": {"services": 14, "services_group": 3}}, {"pk": 22, "model": "main.services_group_items", "fields": {"services": 8, "services_group": 3}}, {"pk": 23, "model": "main.services_group_items", "fields": {"services": 15, "services_group": 3}}, {"pk": 24, "model": "main.services_group_items", "fields": {"services": 22, "services_group": 3}}, {"pk": 25, "model": "main.services_group_items", "fields": {"services": 16, "services_group": 3}}, {"pk": 26, "model": "main.services_group_items", "fields": {"services": 9, "services_group": 3}}, {"pk": 27, "model": "main.services_group_items", "fields": {"services": 17, "services_group": 3}}, {"pk": 28, "model": "main.services_group_items", "fields": {"services": 18, "services_group": 3}}, {"pk": 29, "model": "main.services_group_items", "fields": {"services": 19, "services_group": 3}}, {"pk": 30, "model": "main.services_group_items", "fields": {"services": 20, "services_group": 3}}, {"pk": 1, "model": "main.chassis_maintenance_s", "fields": {"service": 2, "chassis_maintenance": 4}}, {"pk": 2, "model": "main.chassis_maintenance_s", "fields": {"service": 1, "chassis_maintenance": 4}}, {"pk": 3, "model": "main.chassis_maintenance_s", "fields": {"service": 2, "chassis_maintenance": 4}}, {"pk": 4, "model": "main.chassis_maintenance_s", "fields": {"service": 20, "chassis_maintenance": 5}}, {"pk": 5, "model": "main.chassis_maintenance_s", "fields": {"service": 15, "chassis_maintenance": 5}}, {"pk": 6, "model": "main.chassis_maintenance_s", "fields": {"service": 20, "chassis_maintenance": 6}}, {"pk": 7, "model": "main.chassis_maintenance_s", "fields": {"service": 16, "chassis_maintenance": 6}}, {"pk": 8, "model": "main.chassis_maintenance_s", "fields": {"service": 17, "chassis_maintenance": 6}}, {"pk": 9, "model": "main.chassis_maintenance_s", "fields": {"service": 11, "chassis_maintenance": 7}}, {"pk": 10, "model": "main.chassis_maintenance_s", "fields": {"service": 13, "chassis_maintenance": 8}}, {"pk": 1, "model": "main.chassis_maintenance_service", "fields": {"service": "se creao algo :D", "chassis_maintenance": 9}}, {"pk": 2, "model": "main.chassis_maintenance_service", "fields": {"service": "se creao algo :D", "chassis_maintenance": 8}}, {"pk": 1, "model": "main.chassis_maintenance_sg", "fields": {"services_group": 1, "chassis_maintenance": 4}}, {"pk": 2, "model": "main.chassis_maintenance_sg", "fields": {"services_group": 1, "chassis_maintenance": 4}}, {"pk": 3, "model": "main.chassis_maintenance_sg", "fields": {"services_group": 1, "chassis_maintenance": 4}}, {"pk": 4, "model": "main.chassis_maintenance_sg", "fields": {"services_group": 1, "chassis_maintenance": 5}}, {"pk": 5, "model": "main.chassis_maintenance_sg", "fields": {"services_group": 1, "chassis_maintenance": 6}}, {"pk": 10, "model": "main.chassis_maintenance_sg", "fields": {"services_group": 3, "chassis_maintenance": 8}}, {"pk": 1, "model": "main.radio_maintenance_s", "fields": {"radio_maintenance": 1, "service": 16}}, {"pk": 2, "model": "main.radio_maintenance_s", "fields": {"radio_maintenance": 1, "service": 19}}, {"pk": 3, "model": "main.radio_maintenance_s", "fields": {"radio_maintenance": 2, "service": 16}}, {"pk": 4, "model": "main.radio_maintenance_s", "fields": {"radio_maintenance": 1, "service": 18}}, {"pk": 1, "model": "main.storage_tank_maintenance_s", "fields": {"storage_tank_maintenance": 1, "service": 1}}, {"pk": 10, "model": "main.storage_tank_maintenance_s", "fields": {"storage_tank_maintenance": 1, "service": 1}}, {"pk": 11, "model": "main.storage_tank_maintenance_s", "fields": {"storage_tank_maintenance": 1, "service": 1}}, {"pk": 1, "model": "main.carburetion_tank_s", "fields": {"service": 18, "carburetion_tank_maintenance": 1}}, {"pk": 2, "model": "main.carburetion_tank_s", "fields": {"service": 16, "carburetion_tank_maintenance": 1}}, {"pk": 3, "model": "main.carburetion_tank_s", "fields": {"service": 15, "carburetion_tank_maintenance": 2}}, {"pk": 4, "model": "main.carburetion_tank_s", "fields": {"service": 12, "carburetion_tank_maintenance": 2}}, {"pk": 5, "model": "main.carburetion_tank_s", "fields": {"service": 18, "carburetion_tank_maintenance": 3}}, {"pk": 6, "model": "main.carburetion_tank_s", "fields": {"service": 9, "carburetion_tank_maintenance": 3}}, {"pk": 7, "model": "main.carburetion_tank_s", "fields": {"service": 11, "carburetion_tank_maintenance": 3}}, {"pk": 8, "model": "main.carburetion_tank_s", "fields": {"service": 6, "carburetion_tank_maintenance": 3}}, {"pk": 9, "model": "main.carburetion_tank_s", "fields": {"service": 3, "carburetion_tank_maintenance": 3}}]