[{"pk": 1, "model": "main.service", "fields": {"service_type": "CH", "name": "Cambio de aceite"}}, {"pk": 2, "model": "main.service", "fields": {"service_type": "CH", "name": "Cambio de filtro de aceite"}}, {"pk": 3, "model": "main.service", "fields": {"service_type": "CH", "name": "Filtro de aire"}}, {"pk": 4, "model": "main.service", "fields": {"service_type": "CH", "name": "Filtro de compresor"}}, {"pk": 5, "model": "main.service", "fields": {"service_type": "CH", "name": "Inspecci\u00f3n de niveles"}}, {"pk": 6, "model": "main.service", "fields": {"service_type": "CH", "name": "Ajuste de balatas"}}, {"pk": 7, "model": "main.service", "fields": {"service_type": "CH", "name": "Inspecci\u00f3n de luces"}}, {"pk": 8, "model": "main.service", "fields": {"service_type": "CH", "name": "Engrasado"}}, {"pk": 9, "model": "main.service", "fields": {"service_type": "CH", "name": "Inspecci\u00f3n de suspensi\u00f3n"}}, {"pk": 10, "model": "main.service", "fields": {"service_type": "CH", "name": "Inspecci\u00f3n de filtro de gas"}}, {"pk": 11, "model": "main.service", "fields": {"service_type": "CH", "name": "Inspecci\u00f3n y ajuste de frenos"}}, {"pk": 12, "model": "main.service", "fields": {"service_type": "CH", "name": "Inspecci\u00f3n de tap\u00f3n de radiador"}}, {"pk": 13, "model": "main.service", "fields": {"service_type": "CH", "name": "Inspecci\u00f3n de muelles, bujes y perchas"}}, {"pk": 14, "model": "main.service", "fields": {"service_type": "CH", "name": "Inspecci\u00f3n de sistema el\u00e9ctrico (marcha, alternador, luces)"}}, {"pk": 15, "model": "main.service", "fields": {"service_type": "CH", "name": "Inspecci\u00f3n de fan clotch"}}, {"pk": 16, "model": "main.service", "fields": {"service_type": "CH", "name": "Inspecci\u00f3n de equipo de gas"}}, {"pk": 17, "model": "main.service", "fields": {"service_type": "CH", "name": "Inspecci\u00f3n de valeros"}}, {"pk": 18, "model": "main.service", "fields": {"service_type": "CH", "name": "Inspecci\u00f3n de llantas"}}, {"pk": 19, "model": "main.service", "fields": {"service_type": "CH", "name": "Inspecci\u00f3n de campana de direcci\u00f3n"}}, {"pk": 20, "model": "main.service", "fields": {"service_type": "CH", "name": "Inspecci\u00f3n de condiciones de seguridad"}}, {"pk": 21, "model": "main.service", "fields": {"service_type": "CH", "name": "Inspecci\u00f3n de bandas"}}, {"pk": 22, "model": "main.service", "fields": {"service_type": "CH", "name": "Inspecci\u00f3n de clotch"}}, {"pk": 23, "model": "main.service", "fields": {"service_type": "CH", "name": "Reparar sistema el\u00e9ctrico en plataforma"}}, {"pk": 1, "model": "main.services_group", "fields": {"name": "Servicio Menor de 5,000 Kms."}}, {"pk": 3, "model": "main.services_group", "fields": {"name": "Servicio Mayor de 10,000 Kms."}}, {"pk": 1, "model": "main.services_group_items", "fields": {"services": 1, "services_group": 1}}, {"pk": 2, "model": "main.services_group_items", "fields": {"services": 2, "services_group": 1}}, {"pk": 4, "model": "main.services_group_items", "fields": {"services": 1, "services_group": 3}}, {"pk": 5, "model": "main.services_group_items", "fields": {"services": 3, "services_group": 1}}, {"pk": 6, "model": "main.services_group_items", "fields": {"services": 4, "services_group": 1}}, {"pk": 7, "model": "main.services_group_items", "fields": {"services": 5, "services_group": 1}}, {"pk": 8, "model": "main.services_group_items", "fields": {"services": 6, "services_group": 1}}, {"pk": 9, "model": "main.services_group_items", "fields": {"services": 7, "services_group": 1}}, {"pk": 10, "model": "main.services_group_items", "fields": {"services": 8, "services_group": 1}}, {"pk": 11, "model": "main.services_group_items", "fields": {"services": 9, "services_group": 1}}, {"pk": 12, "model": "main.services_group_items", "fields": {"services": 2, "services_group": 3}}, {"pk": 13, "model": "main.services_group_items", "fields": {"services": 3, "services_group": 3}}, {"pk": 14, "model": "main.services_group_items", "fields": {"services": 4, "services_group": 3}}, {"pk": 15, "model": "main.services_group_items", "fields": {"services": 5, "services_group": 3}}, {"pk": 16, "model": "main.services_group_items", "fields": {"services": 10, "services_group": 3}}, {"pk": 17, "model": "main.services_group_items", "fields": {"services": 11, "services_group": 3}}, {"pk": 18, "model": "main.services_group_items", "fields": {"services": 21, "services_group": 3}}, {"pk": 19, "model": "main.services_group_items", "fields": {"services": 12, "services_group": 3}}, {"pk": 20, "model": "main.services_group_items", "fields": {"services": 13, "services_group": 3}}, {"pk": 21, "model": "main.services_group_items", "fields": {"services": 14, "services_group": 3}}, {"pk": 22, "model": "main.services_group_items", "fields": {"services": 8, "services_group": 3}}, {"pk": 23, "model": "main.services_group_items", "fields": {"services": 15, "services_group": 3}}, {"pk": 24, "model": "main.services_group_items", "fields": {"services": 22, "services_group": 3}}, {"pk": 25, "model": "main.services_group_items", "fields": {"services": 16, "services_group": 3}}, {"pk": 26, "model": "main.services_group_items", "fields": {"services": 9, "services_group": 3}}, {"pk": 27, "model": "main.services_group_items", "fields": {"services": 17, "services_group": 3}}, {"pk": 28, "model": "main.services_group_items", "fields": {"services": 18, "services_group": 3}}, {"pk": 29, "model": "main.services_group_items", "fields": {"services": 19, "services_group": 3}}, {"pk": 30, "model": "main.services_group_items", "fields": {"services": 20, "services_group": 3}}]